customer_id,age,city,signup_date
1,19,İstanbul,2025-03-12
2,25,Mersin,2023-10-06
3,34,İstanbul,2023-12-05
4,40,İstanbul,2023-10-15
5,27,İstanbul,2026-05-09
6,41,Ankara,2025-01-05
7,40,Mersin,2024-05-11
8,22,Mersin,2025-03-05
9,18,Mersin,2026-02-02
10,25,Tekirdağ,2024-12-16
11,28,Ankara,2026-05-18
12,35,Ankara,2026-01-21
13,31,İstanbul,2024-12-14
14,20,Ankara,2023-10-22
15,22,Mersin,2026-02-17
16,27,Mersin,2024-09-14
17,29,İstanbul,2026-01-20
18,19,İstanbul,2026-03-23
19,28,İstanbul,2025-03-15
20,32,Ankara,2025-09-01
21,21,Ankara,2024-09-27
22,36,Ankara,2024-03-14
23,28,İstanbul,2024-01-19
24,32,İstanbul,2024-09-20
25,30,Ankara,2024-04-05
26,29,Mersin,2025-10-31
27,28,Mersin,2026-04-04
28,20,İstanbul,2025-03-03
29,21,İstanbul,2025-04-15
30,34,İstanbul,2024-01-18
31,30,İstanbul,2024-12-04
32,23,Mersin,2025-09-16
33,21,Ankara,2025-10-12
34,47,Mersin,2024-10-06
35,18,Ankara,2024-09-06
36,35,İstanbul,2023-11-18
37,29,İstanbul,2026-09-04
38,18,Ankara,2026-03-26
39,31,İstanbul,2026-02-02
40,27,İstanbul,2025-09-09
41,27,Ankara,2026-09-08
42,28,Ankara,2023-10-15
43,48,İstanbul,2024-06-06
44,30,Mersin,2026-04-01
45,31,Ankara,2026-08-19
46,31,Ankara,2025-07-28
47,30,İstanbul,2024-09-10
48,33,Mersin,2023-12-13
49,43,Mersin,2026-08-28
50,27,Mersin,2023-12-16
51,24,Ankara,2026-01-11
52,25,İstanbul,2026-03-14
53,21,Mersin,2025-08-12
54,30,İstanbul,2023-10-15
55,32,Ankara,2024-06-04
56,32,Mersin,2025-12-23
57,21,İstanbul,2025-06-06
58,27,İstanbul,2026-08-13
59,26,İstanbul,2025-05-01
60,36,İstanbul,2026-09-13
61,21,İstanbul,2025-03-28
62,23,İstanbul,2026-07-06
63,28,İstanbul,2026-04-14
64,31,Ankara,2025-09-11
65,36,İstanbul,2024-08-13
66,28,Ankara,2025-06-01
67,33,Ankara,2024-08-01
68,33,Mersin,2026-04-25
69,18,Mersin,2024-05-03
70,30,İstanbul,2025-02-26
71,24,İstanbul,2024-04-23
72,34,Mersin,2024-08-16
73,22,İstanbul,2026-03-13
74,32,İstanbul,2024-04-11
75,30,İstanbul,2025-10-30
76,32,İstanbul,2024-11-25
77,33,İstanbul,2025-06-03
78,37,Mersin,2025-12-27
79,26,İstanbul,2023-12-10
80,32,Tekirdağ,2024-07-07
81,37,İstanbul,2024-08-08
82,24,Ankara,2026-03-17
83,39,Mersin,2023-11-28
84,29,Ankara,2025-09-27
85,23,Mersin,2024-03-06
86,28,İstanbul,2025-06-04
87,34,İstanbul,2024-01-14
88,30,Mersin,2026-09-01
89,40,İstanbul,2025-08-28
90,19,Mersin,2026-07-12
91,30,Mersin,2023-12-09
92,40,Ankara,2024-10-12
93,32,Ankara,2025-05-22
94,38,Ankara,2025-03-05
95,43,Mersin,2024-11-27
96,28,İstanbul,2025-04-11
97,29,Mersin,2023-11-11
98,33,Mersin,2026-07-29
99,26,İstanbul,2023-11-05
100,44,İstanbul,2026-02-21
101,22,İstanbul,2025-04-27
102,29,Ankara,2026-05-26
103,21,İstanbul,2026-03-31
104,28,İstanbul,2025-01-17
105,23,İstanbul,2025-09-28
106,33,Ankara,2025-12-07
107,33,İstanbul,2024-08-29
108,33,İstanbul,2025-01-31
109,29,Ankara,2025-11-10
110,29,İstanbul,2026-05-24
111,28,Mersin,2025-09-21
112,18,Ankara,2023-12-24
113,25,Ankara,2025-02-16
114,32,Ankara,2024-05-03
115,33,İstanbul,2026-01-20
116,40,İstanbul,2025-09-03
117,23,İstanbul,2024-12-27
118,28,İstanbul,2024-10-20
119,27,İstanbul,2026-04-14
120,42,Ankara,2026-05-13
121,41,Ankara,2024-07-03
122,22,Ankara,2026-01-19
123,20,İstanbul,2024-04-30
124,21,İstanbul,2024-09-12
125,26,Mersin,2025-09-07
126,31,İstanbul,2025-11-19
127,27,Ankara,2024-09-26
128,41,Ankara,2023-11-06
129,34,İstanbul,2025-12-20
130,27,Ankara,2024-12-10
131,32,İstanbul,2026-01-01
132,24,İstanbul,2025-07-29
133,22,Ankara,2026-04-26
134,35,İstanbul,2024-09-24
135,25,İstanbul,2026-05-23
136,38,İstanbul,2024-10-12
137,27,Tekirdağ,2026-02-22
138,43,İstanbul,2024-09-09
139,32,İstanbul,2026-03-16
140,18,İstanbul,2024-07-19
141,34,İstanbul,2024-10-25
142,23,Ankara,2026-02-10
143,27,Ankara,2025-01-08
144,32,Ankara,2026-08-07
145,36,Mersin,2024-05-05
146,21,İstanbul,2024-04-03
147,31,İstanbul,2026-04-19
148,20,Tekirdağ,2023-10-17
149,20,Mersin,2026-06-17
150,38,Mersin,2025-10-07
151,25,İstanbul,2025-01-19
152,36,İstanbul,2025-01-08
153,32,Ankara,2025-01-04
154,18,Ankara,2024-07-12
155,35,İstanbul,2023-11-06
156,28,Ankara,2025-07-06
157,35,Mersin,2023-11-25
158,22,Mersin,2025-02-06
159,25,Tekirdağ,2025-11-01
160,27,Mersin,2026-08-20
161,18,İstanbul,2024-10-24
162,18,Ankara,2025-09-15
163,41,İstanbul,2024-08-26
164,20,Tekirdağ,2026-09-16
165,39,Mersin,2025-12-27
166,25,İstanbul,2026-05-12
167,27,İstanbul,2024-12-16
168,25,Ankara,2026-08-25
169,36,Mersin,2025-04-26
170,26,Tekirdağ,2025-03-22
171,22,İstanbul,2024-03-27
172,40,İstanbul,2025-11-06
173,28,Ankara,2026-01-03
174,30,Mersin,2024-10-13
175,28,Ankara,2026-02-01
176,30,İstanbul,2026-04-20
177,29,İstanbul,2024-11-23
178,26,İstanbul,2024-11-24
179,36,İstanbul,2026-06-01
180,38,Mersin,2025-12-23
181,28,Mersin,2024-07-22
182,18,Ankara,2025-10-20
183,27,Ankara,2025-11-06
184,39,Ankara,2024-04-08
185,43,Mersin,2023-12-19
186,26,Ankara,2026-05-08
187,38,Mersin,2025-08-27
188,38,İstanbul,2024-08-31
189,18,Ankara,2025-08-24
190,28,Ankara,2024-09-19
191,18,İstanbul,2024-07-06
192,49,İstanbul,2026-09-07
193,28,Mersin,2025-11-21
194,26,Ankara,2024-08-21
195,18,Tekirdağ,2025-08-25
196,30,Mersin,2024-08-28
197,32,İstanbul,2024-07-04
198,31,İstanbul,2026-02-28
199,27,Tekirdağ,2024-07-11
200,32,İstanbul,2025-10-19
201,21,Tekirdağ,2026-06-09
202,38,İstanbul,2026-01-03
203,20,İstanbul,2023-10-26
204,34,Ankara,2025-11-18
205,30,İstanbul,2026-01-07
206,18,Tekirdağ,2025-12-09
207,21,İstanbul,2024-04-29
208,41,Ankara,2025-09-25
209,19,İstanbul,2023-12-14
210,36,İstanbul,2025-08-31
211,18,Ankara,2024-06-23
212,21,İstanbul,2025-04-22
213,24,Mersin,2024-06-05
214,35,Ankara,2026-06-21
215,31,İstanbul,2024-02-21
216,36,İstanbul,2025-03-16
217,47,İstanbul,2024-01-18
218,18,Mersin,2025-08-16
219,29,İstanbul,2024-09-03
220,18,Ankara,2025-05-17
221,27,Ankara,2024-07-27
222,36,Ankara,2026-05-13
223,38,Ankara,2025-10-08
224,46,İstanbul,2026-06-07
225,40,Mersin,2026-03-09
226,26,İstanbul,2024-03-04
227,45,İstanbul,2025-06-09
228,34,İstanbul,2026-08-27
229,24,Mersin,2026-01-19
230,34,İstanbul,2025-02-18
231,32,İstanbul,2025-02-22
232,30,Mersin,2025-08-05
233,23,Mersin,2026-04-05
234,18,İstanbul,2026-07-09
235,47,Tekirdağ,2025-10-16
236,32,Ankara,2025-06-28
237,32,İstanbul,2026-09-04
238,18,Ankara,2024-04-21
239,18,Ankara,2025-02-18
240,31,Mersin,2026-07-22
241,26,Tekirdağ,2024-07-01
242,32,Ankara,2025-07-11
243,25,İstanbul,2024-12-28
244,43,İstanbul,2024-12-17
245,29,Ankara,2025-11-27
246,32,Mersin,2025-07-13
247,49,Ankara,2024-11-19
248,46,Mersin,2024-08-17
249,40,İstanbul,2026-03-02
250,31,Ankara,2024-10-16
251,18,İstanbul,2026-06-06
252,26,Ankara,2023-10-23
253,23,İstanbul,2025-11-05
254,19,Ankara,2024-06-15
255,32,İstanbul,2026-03-30
256,21,Ankara,2025-05-18
257,36,Ankara,2024-09-22
258,25,İstanbul,2024-12-07
259,22,Mersin,2026-02-21
260,25,İstanbul,2024-06-27
261,19,Mersin,2023-12-28
262,35,Ankara,2025-07-08
263,22,Ankara,2023-10-29
264,41,Ankara,2023-12-12
265,18,İstanbul,2026-03-06
266,19,İstanbul,2024-03-24
267,32,İstanbul,2024-06-01
268,25,Mersin,2023-12-13
269,33,İstanbul,2023-11-10
270,35,İstanbul,2024-04-26
271,23,İstanbul,2026-05-18
272,18,Ankara,2023-12-20
273,37,Ankara,2024-11-09
274,18,Ankara,2026-09-18
275,36,İstanbul,2024-10-25
276,18,İstanbul,2025-02-21
277,30,İstanbul,2024-11-01
278,30,Ankara,2024-05-13
279,20,Ankara,2025-09-21
280,33,Ankara,2025-08-03
281,33,Mersin,2024-06-10
282,20,İstanbul,2025-03-30
283,33,İstanbul,2025-03-16
284,26,Ankara,2024-03-14
285,49,İstanbul,2024-11-23
286,25,İstanbul,2024-10-24
287,33,İstanbul,2025-12-01
288,31,İstanbul,2026-04-12
289,26,Mersin,2024-08-24
290,26,İstanbul,2024-02-08
291,27,İstanbul,2024-02-10
292,36,İstanbul,2025-07-01
293,18,İstanbul,2026-09-21
294,22,İstanbul,2025-01-28
295,44,Ankara,2024-10-30
296,29,İstanbul,2025-01-14
297,21,Tekirdağ,2024-10-21
298,25,Ankara,2026-06-02
299,32,İstanbul,2026-09-17
300,32,Mersin,2024-03-14
301,30,İstanbul,2024-09-22
302,39,Ankara,2025-06-02
303,29,İstanbul,2025-12-14
304,25,Ankara,2025-01-04
305,35,Ankara,2025-02-08
306,32,Ankara,2024-12-16
307,26,İstanbul,2025-02-26
308,27,Ankara,2023-11-25
309,34,Ankara,2025-07-14
310,24,Ankara,2024-10-29
311,30,İstanbul,2024-04-22
312,20,Ankara,2026-02-13
313,34,İstanbul,2025-01-11
314,19,İstanbul,2026-07-21
315,42,Mersin,2026-06-06
316,22,Ankara,2025-11-09
317,45,İstanbul,2023-12-31
318,31,Tekirdağ,2024-08-25
319,31,İstanbul,2025-05-08
320,29,İstanbul,2026-03-06
321,32,İstanbul,2025-03-30
322,28,Ankara,2023-11-05
323,20,Ankara,2026-01-29
324,32,Ankara,2024-09-10
325,31,İstanbul,2024-08-22
326,26,Ankara,2025-03-03
327,31,İstanbul,2025-11-29
328,23,Ankara,2024-02-20
329,32,İstanbul,2025-07-14
330,32,Ankara,2025-07-27
331,38,İstanbul,2024-08-24
332,18,Ankara,2024-05-04
333,26,İstanbul,2023-11-10
334,24,İstanbul,2025-02-10
335,37,İstanbul,2025-04-17
336,24,İstanbul,2023-10-16
337,30,İstanbul,2025-06-01
338,24,İstanbul,2025-05-15
339,24,Ankara,2024-01-27
340,37,Tekirdağ,2026-08-29
341,24,İstanbul,2025-11-24
342,18,İstanbul,2023-12-14
343,29,Ankara,2026-04-01
344,28,İstanbul,2026-01-22
345,34,Ankara,2024-09-04
346,18,İstanbul,2024-02-05
347,25,İstanbul,2026-03-26
348,38,İstanbul,2026-01-07
349,24,İstanbul,2026-05-21
350,31,İstanbul,2024-07-22
351,38,Mersin,2024-12-11
352,33,İstanbul,2024-01-15
353,26,İstanbul,2025-08-23
354,29,Ankara,2025-03-30
355,31,Ankara,2025-06-20
356,18,Ankara,2026-01-30
357,19,İstanbul,2025-02-10
358,24,Ankara,2025-07-26
359,25,İstanbul,2025-09-19
360,32,İstanbul,2024-06-08
361,19,Ankara,2024-07-07
362,35,Ankara,2025-02-11
363,25,Tekirdağ,2024-02-13
364,37,Ankara,2024-11-18
365,31,İstanbul,2025-06-24
366,29,İstanbul,2024-05-03
367,32,İstanbul,2024-10-25
368,28,Ankara,2024-10-28
369,18,Ankara,2024-02-23
370,21,Ankara,2026-07-24
371,30,Tekirdağ,2024-02-16
372,33,Mersin,2025-01-10
373,40,Mersin,2026-08-01
374,33,İstanbul,2024-04-03
375,30,İstanbul,2024-01-24
376,18,Mersin,2025-10-30
377,40,İstanbul,2024-02-19
378,29,İstanbul,2024-05-08
379,39,İstanbul,2024-12-07
380,30,Tekirdağ,2024-10-24
381,28,Mersin,2025-12-02
382,30,İstanbul,2026-07-02
383,22,Mersin,2025-02-15
384,34,Mersin,2025-02-18
385,29,İstanbul,2024-02-13
386,24,İstanbul,2024-10-27
387,24,İstanbul,2024-10-13
388,30,İstanbul,2025-05-18
389,43,İstanbul,2025-06-14
390,26,Ankara,2023-12-16
391,35,İstanbul,2025-02-23
392,27,Mersin,2025-04-15
393,27,İstanbul,2024-12-30
394,31,Ankara,2026-01-07
395,37,İstanbul,2026-08-31
396,31,İstanbul,2025-07-18
397,43,Ankara,2024-04-25
398,31,İstanbul,2026-05-26
399,21,Ankara,2026-07-24
400,38,İstanbul,2025-10-18
401,35,İstanbul,2025-10-29
402,23,Ankara,2026-03-29
403,32,İstanbul,2024-01-03
404,21,İstanbul,2025-07-22
405,23,Mersin,2024-02-26
406,27,İstanbul,2024-02-09
407,25,İstanbul,2023-12-08
408,30,Tekirdağ,2025-08-11
409,31,Ankara,2025-07-11
410,22,Ankara,2026-01-21
411,18,İstanbul,2026-08-12
412,34,Mersin,2026-09-29
413,34,Mersin,2026-09-19
414,25,İstanbul,2026-07-23
415,30,Mersin,2026-03-27
416,18,İstanbul,2026-02-22
417,25,İstanbul,2023-10-20
418,34,İstanbul,2024-07-01
419,31,Ankara,2024-06-14
420,29,Tekirdağ,2023-11-19
421,18,Ankara,2024-08-26
422,56,İstanbul,2024-07-26
423,38,Mersin,2025-11-01
424,33,İstanbul,2025-12-10
425,25,Mersin,2024-06-27
426,37,Mersin,2024-05-04
427,36,İstanbul,2024-06-24
428,20,İstanbul,2026-01-29
429,43,İstanbul,2026-01-14
430,37,Mersin,2024-08-09
431,31,Ankara,2024-09-18
432,18,Ankara,2026-07-25
433,40,İstanbul,2023-12-11
434,25,Mersin,2025-04-12
435,22,Tekirdağ,2025-10-24
436,22,İstanbul,2024-07-10
437,30,Ankara,2024-11-18
438,32,Mersin,2025-05-10
439,47,İstanbul,2026-03-21
440,35,İstanbul,2025-09-22
441,48,İstanbul,2025-05-25
442,26,Ankara,2024-11-14
443,29,İstanbul,2025-03-26
444,47,İstanbul,2024-10-08
445,32,İstanbul,2024-03-20
446,32,Mersin,2026-03-26
447,29,İstanbul,2025-04-08
448,34,Ankara,2024-12-08
449,39,Mersin,2026-04-24
450,33,İstanbul,2025-06-26
451,30,İstanbul,2026-01-31
452,26,Ankara,2024-11-30
453,31,İstanbul,2026-03-25
454,36,İstanbul,2024-09-26
455,31,İstanbul,2024-08-14
456,35,Mersin,2026-06-22
457,18,İstanbul,2026-01-24
458,20,Ankara,2026-07-12
459,36,İstanbul,2024-03-13
460,29,İstanbul,2023-10-01
461,42,Ankara,2024-02-17
462,52,İstanbul,2026-03-21
463,31,İstanbul,2025-10-05
464,43,İstanbul,2025-09-15
465,41,Mersin,2024-08-05
466,18,Ankara,2023-10-05
467,28,Tekirdağ,2024-09-22
468,27,Ankara,2024-08-27
469,22,Ankara,2023-11-04
470,27,Ankara,2024-11-20
471,28,İstanbul,2024-01-29
472,36,Tekirdağ,2024-08-05
473,30,Ankara,2025-12-05
474,31,İstanbul,2026-09-16
475,30,Mersin,2024-01-13
476,35,İstanbul,2025-07-26
477,22,İstanbul,2026-07-03
478,20,Ankara,2024-03-03
479,34,Ankara,2023-10-23
480,27,Ankara,2025-09-27
481,34,İstanbul,2024-07-31
482,30,Ankara,2025-05-01
483,43,Mersin,2025-08-23
484,30,Tekirdağ,2025-10-13
485,36,Mersin,2025-10-07
486,32,İstanbul,2024-03-10
487,21,Ankara,2026-08-30
488,18,Ankara,2024-10-09
489,27,Mersin,2026-01-22
490,35,Ankara,2025-12-10
491,26,İstanbul,2025-07-28
492,35,İstanbul,2024-06-02
493,21,Ankara,2025-12-25
494,18,Ankara,2024-08-23
495,30,Tekirdağ,2026-07-22
496,26,İstanbul,2024-07-20
497,27,Ankara,2024-09-29
498,31,İstanbul,2024-10-23
499,47,İstanbul,2025-05-11
500,28,Ankara,2025-08-18
